model_num,input_horizontal,input_vertical,FLOPs,Total_params,Memory
1,192,192,5.22,3.25,44.462124
2,224,224,5.22,3.25,60.516396
3,256,256,5.22,3.25,79.040556
4,288,288,5.22,3.25,100.034604
5,320,320,5.22,3.25,123.49854
6,352,352,5.22,3.25,149.432364
7,384,384,5.22,3.25,177.836076
8,416,416,5.22,3.25,208.709676
9,448,448,5.22,3.25,242.053164
10,480,480,5.22,3.25,277.86654
