model_num,input_horizontal,input_vertical,number of layers,FLOPs,Total_params,Memory(M)
1,112,112,95,0.5,8.43,4.061036
2,128,128,95,0.68,8.43,5.498796
3,144,144,95,0.91,8.43,7.296044
4,160,160,95,1.14,9.21,9.205804
5,176,176,95,1.44,9.21,11.509548
6,192,192,95,1.73,9.21,13.85406
7,208,208,95,2.1,10.52,16.69534
